/code_conventions /code-conventions/
/leveling_up /leveling-up/
/npm_gold /npm-gold/
/plusParty /plus-party/
/problog/feed /rss.xml
/rapid_feedback /rapid-feedback/
/twelve_factor_nodejs /twelve-factor-nodejs/
/web_data /web-data/
/web_prog /web-prog/
/white_glove /white-glove/
/bands.html https://peterlyons.org/bands/
/bands https://peterlyons.org/bands/
/favorites.html https://peterlyons.org/favorites/
/favorites https://peterlyons.org/favorites/
/oberlin.html https://peterlyons.org/oberlin/
/oberlin https://peterlyons.org/oberlin/
/persblog https://peterlyons.org/persblog/
